Std,Lat,Lon,Ele,Year,Month,Day,Mean,Max,Min,MeanQC,MaxQC,MinQC,Albedo,AT,SSM,UW,VW,LST,NDVI,DOY
57776,2718,11242,12659,2019,1,1,-57,-42,-70,9,9,9,0.48196193575900004,272.972259521,0.46645423770000005,0.47514635324500004,-3.2009468078600003,28514.0,0.709200024605,1
57776,2718,11242,12659,2019,1,2,-31,-3,-65,9,9,9,0.452998191118,274.216827393,0.48517072200800004,0.134435802698,-2.09523749352,28465.0,0.709200024605,2
57776,2718,11242,12659,2019,1,3,14,76,-31,9,9,9,0.363028168678,275.756622314,0.494989961386,0.123033218086,-1.7017972469299998,28446.0,0.709200024605,3
57776,2718,11242,12659,2019,1,4,29,73,-10,9,9,9,0.25057569146200004,276.459533691,0.44120401143999993,0.552084207535,-1.97379505634,28312.0,0.709200024605,4
57776,2718,11242,12659,2019,1,5,-7,38,-30,9,9,9,0.18211178481600002,277.27648925799997,0.510748147964,0.504281997681,-2.4247329235099997,28516.0,0.709200024605,5
57776,2718,11242,12659,2019,1,6,0,13,-23,9,9,9,0.144167035818,278.276000977,0.494937598705,0.04213519021869999,-2.16154170036,28515.0,0.709200024605,6
57776,2718,11242,12659,2019,1,7,-2,29,-24,9,9,9,0.113749019802,279.152954102,0.500374376774,0.38178601861,-2.71746587753,28507.0,0.709200024605,7
57776,2718,11242,12659,2019,1,8,-31,-12,-40,9,9,9,0.10189934819900001,276.701812744,0.501096665859,0.17338860034899997,-2.92634010315,28447.0,0.709200024605,8
57776,2718,11242,12659,2019,1,9,-13,33,-31,9,9,9,0.09734397381539998,276.46331787099996,0.513536334038,0.674754142761,-1.9769667387,28505.0,0.709200024605,9
57776,2718,11242,12659,2019,1,10,18,62,-10,9,9,9,0.0952710658312,276.436279297,0.509014844894,0.37946331501,-2.11761045456,28496.0,0.709200024605,10
57776,2718,11242,12659,2019,1,11,10,58,-8,9,9,9,0.0939619168639,276.568359375,0.499171257019,0.36506223678599997,-1.68849730492,28410.0,0.709200024605,11
57776,2718,11242,12659,2019,1,12,54,110,-11,9,9,9,0.09336470812560001,278.759033203,0.48168292641599997,-0.719676017761,-1.3969604969,28496.0,0.709200024605,12
57776,2718,11242,12659,2019,1,13,37,61,-4,9,9,9,0.09275162220000001,279.173156738,0.47378963232,0.21481804549699998,-2.1119997501400003,28498.0,0.709200024605,13
57776,2718,11242,12659,2019,1,14,21,65,-12,9,9,9,0.0924188420177,280.705566406,0.46813002228699996,0.168672978878,-2.4186294078799997,28496.0,0.709200024605,14
57776,2718,11242,12659,2019,1,15,-18,-8,-28,9,9,9,0.0921925827861,278.453765869,0.472260713577,0.427408993244,-3.26107358932,28475.0,0.709200024605,15
57776,2718,11242,12659,2019,1,16,-24,-2,-47,9,9,9,0.0940130650997,275.261199951,0.480550706387,0.555930972099,-2.2707722187,28347.0,0.709200024605,16
57776,2718,11242,12659,2019,1,17,8,33,-18,9,9,9,0.09896592050789998,279.39944458,0.47231471538500003,-0.407201051712,-0.775447547436,28497.0,0.7100999951360001,17
57776,2718,11242,12659,2019,1,18,40,72,6,9,9,9,0.0950171723962,283.88433837900004,0.46293371915799997,0.0500109344721,1.6747263669999999,28511.0,0.7100999951360001,18
57776,2718,11242,12659,2019,1,19,53,77,1,9,9,9,0.09296806156639999,282.773223877,0.459257632494,0.166201904416,-2.26934361458,28502.0,0.7100999951360001,19
57776,2718,11242,12659,2019,1,20,-15,16,-31,9,9,9,0.09234339743850001,278.817047119,0.476971238852,0.23694252967799997,-3.4570817947400005,28481.0,0.7100999951360001,20
57776,2718,11242,12659,2019,1,21,-30,-4,-46,9,9,9,0.0922362357378,281.49176025400004,0.46126446127899995,0.0544845014811,-3.1937453746799997,28503.0,0.7100999951360001,21
57776,2718,11242,12659,2019,1,22,10,52,-45,9,9,9,0.0921966731548,284.44567871099997,0.449471086264,-0.182011201978,-0.5972830057140001,28362.0,0.7100999951360001,22
57776,2718,11242,12659,2019,1,23,49,95,15,9,9,9,0.09218416363,285.726013184,0.44120201468500003,-0.017723068594900002,0.7575994133949999,28565.0,0.7100999951360001,23
57776,2718,11242,12659,2019,1,24,75,116,43,9,9,9,0.0921856611967,287.39230346700003,0.434220403433,-0.388931065798,0.47437274456,28671.0,0.7100999951360001,24
57776,2718,11242,12659,2019,1,25,56,87,15,9,9,9,0.09217412024739999,285.342315674,0.430103987455,0.6889604330060001,-2.57340049744,28584.0,0.7100999951360001,25
57776,2718,11242,12659,2019,1,26,16,51,-3,9,9,9,0.09218665957450001,282.270751953,0.42560890317,0.0328195355833,-3.5571706295,28512.0,0.7100999951360001,26
57776,2718,11242,12659,2019,1,27,56,106,7,9,9,9,0.0921756923199,285.011413574,0.420791476965,-0.192674398422,-0.634649097919,28477.0,0.7100999951360001,27
57776,2718,11242,12659,2019,1,28,72,97,59,9,9,9,0.0921882092953,283.501831055,0.415966540575,0.034275334328400006,-2.43305778503,28548.0,0.7100999951360001,28
57776,2718,11242,12659,2019,1,29,77,103,31,9,9,9,0.09217816591260002,283.36907959,0.41267850995099997,-0.088121496141,-1.57473027706,28546.0,0.7100999951360001,29
57776,2718,11242,12659,2019,1,30,106,122,88,9,9,9,0.09219068288799999,285.88961792,0.41418239474299995,-0.159216716886,0.8660379648209999,28531.0,0.7100999951360001,30
57776,2718,11242,12659,2019,1,31,-34,126,-48,9,9,9,0.0922036916018,278.155853271,0.43256315588999994,0.238679617643,-4.57597589493,28524.0,0.7100999951360001,31
57776,2718,11242,12659,2019,2,1,-8,35,-50,9,9,9,0.09219223260880001,281.784912109,0.423773109913,-0.609028279781,-0.281808972359,28526.0,0.7100999951360001,32
57776,2718,11242,12659,2019,2,2,101,150,30,9,9,9,0.09220574051139999,291.287597656,0.41750022769,0.852351307869,4.98591136932,29063.0,0.674300014973,33
57776,2718,11242,12659,2019,2,3,64,125,6,9,9,9,0.09219424426560001,282.648925781,0.421515882015,0.5669113993639999,-4.99904584885,28548.0,0.674300014973,34
57776,2718,11242,12659,2019,2,4,34,66,-2,9,9,9,0.09220723807810001,282.819793701,0.416450828314,0.588308036327,-2.4083878994,28543.0,0.674300014973,35
57776,2718,11242,12659,2019,2,5,90,114,46,9,9,9,0.09219624847169999,284.353485107,0.495054155588,-0.27592763304699996,1.6378127336500001,28709.0,0.674300014973,36
57776,2718,11242,12659,2019,2,6,130,177,96,9,9,9,0.0922088101506,295.514984131,0.454648405313,0.6046954393389999,6.66713380814,29159.0,0.674300014973,37
57776,2718,11242,12659,2019,2,7,78,153,0,9,9,9,0.0921982452273,280.47366333,0.473595142365,0.7462463974950001,-4.64991998672,28537.0,0.674300014973,38
57776,2718,11242,12659,2019,2,8,-8,72,-57,9,9,9,0.09221176058049999,277.102722168,0.47748926281900006,0.708418607712,-2.9934577941900002,28447.0,0.674300014973,39
57776,2718,11242,12659,2019,2,9,-55,-42,-70,9,9,9,0.0937621593475,274.168518066,0.48339241743100003,0.38062700629199997,-3.36859631538,28454.0,0.674300014973,40
57776,2718,11242,12659,2019,2,10,-64,-44,-77,9,9,9,0.107401408255,274.14562988299997,0.49106040596999995,0.451084583998,-3.53806400299,28454.0,0.674300014973,41
57776,2718,11242,12659,2019,2,11,-22,13,-75,9,9,9,0.106036178768,275.08441162099996,0.48192742466899996,0.171038195491,-1.7699173688900003,28502.0,0.674300014973,42
57776,2718,11242,12659,2019,2,12,65,98,12,9,9,9,0.100411117077,278.972595215,0.47626346349699994,-0.034818854183,-2.15355610847,28492.0,0.674300014973,43
57776,2718,11242,12659,2019,2,13,-7,36,-32,9,9,9,0.09571227431299999,276.307281494,0.477213263512,-0.0009579273755660001,-2.44913935661,28523.0,0.674300014973,44
57776,2718,11242,12659,2019,2,14,35,77,-14,9,9,9,0.0941489115357,276.796813965,0.4779933393,-0.0024965992197399996,-2.10511279106,28569.0,0.674300014973,45
57776,2718,11242,12659,2019,2,15,-18,31,-39,9,9,9,0.09307618439200001,276.701660156,0.483682721853,0.311675578356,-2.1442887783099995,28572.0,0.674300014973,46
57776,2718,11242,12659,2019,2,16,-29,-4,-44,9,9,9,0.09280096739530001,276.25579834,0.495923548937,0.289009720087,-2.63675928116,28575.0,0.674300014973,47
57776,2718,11242,12659,2019,2,17,-27,-17,-39,9,9,9,0.0927637368441,276.507568359,0.48943203687700004,-0.252242058516,-3.14596629143,28553.0,0.674300014973,48
57776,2718,11242,12659,2019,2,18,-6,0,-48,9,9,9,0.0928502008319,275.20553588900003,0.47679111361500004,0.140338614583,-2.7376627922099996,28569.0,0.632700026035,49
57776,2718,11242,12659,2019,2,19,33,80,-5,9,9,9,0.0930413752794,277.41476440400004,0.451737016439,-0.20515404641600002,-1.71486246586,28529.0,0.632700026035,50
57776,2718,11242,12659,2019,2,20,42,84,-29,9,9,9,0.0931403338909,277.65057373,0.503173708916,0.50182723999,-2.65995979309,28583.0,0.632700026035,51
57776,2718,11242,12659,2019,2,21,-23,0,-34,9,9,9,0.09327835589649999,277.196258545,0.504705965519,0.7664589881899999,-2.83187055588,28599.0,0.632700026035,52
57776,2718,11242,12659,2019,2,22,-24,-2,-37,9,9,9,0.09344342350960001,280.208312988,0.484596043825,-0.0625619590282,-2.4583806991599997,28631.0,0.632700026035,53
57776,2718,11242,12659,2019,2,23,-16,-11,-29,9,9,9,0.0935979709029,277.39239502,0.44535845518100003,0.400062888861,-2.74155044556,28600.0,0.632700026035,54
57776,2718,11242,12659,2019,2,24,-5,18,-21,9,9,9,0.09377557784320001,281.317565918,0.46924692392300005,0.0500143170357,-0.8882340788840001,28613.0,0.632700026035,55
57776,2718,11242,12659,2019,2,25,10,45,-14,9,9,9,0.09396616369489999,284.42932128900003,0.460232704878,-0.4751265347,-0.633301436901,28632.0,0.632700026035,56
57776,2718,11242,12659,2019,2,26,29,63,10,9,9,9,0.0941202640533,283.031402588,0.462773859501,-0.575680077076,-1.3232394456899998,28628.0,0.632700026035,57
57776,2718,11242,12659,2019,2,27,2,44,-13,9,9,9,0.09429838508369999,279.190002441,0.43478977680200004,0.24829962849599999,-3.30205416679,28637.0,0.632700026035,58
57776,2718,11242,12659,2019,2,28,18,40,-21,9,9,9,0.09446541965010001,280.742248535,0.48130381107299997,-0.31226810813,-1.8223705291699999,28637.0,0.632700026035,59
57776,2718,11242,12659,2019,3,1,65,85,19,9,9,9,0.0946430265903,283.364562988,0.476395100355,-0.474293380976,-1.6185190677599999,28645.0,0.632700026035,60
57776,2718,11242,12659,2019,3,2,35,98,5,9,9,9,0.0948215946555,280.69921875,0.515147268772,0.478020489216,-2.5620174408,28627.0,0.632700026035,61
57776,2718,11242,12659,2019,3,3,20,58,-9,9,9,9,0.09497664868830001,285.733703613,0.44190114736599995,-0.03982016071680001,-1.4175980091100002,28662.0,0.632700026035,62
57776,2718,11242,12659,2019,3,4,80,144,30,9,9,9,0.0951547473669,289.78515625,0.436649382114,-1.3247063159899999,0.641343951225,28784.0,0.632700026035,63
57776,2718,11242,12659,2019,3,5,60,99,32,9,9,9,0.09532132744789999,285.086273193,0.478309512138,0.859232187271,-2.0919699668900003,28753.0,0.632700026035,64
57776,2718,11242,12659,2019,3,6,38,52,31,9,9,9,0.09551192820070001,286.030639648,0.484019607306,-0.6747639179230001,-3.1071114540099996,28682.0,0.591300010681,65
57776,2718,11242,12659,2019,3,7,26,47,19,9,9,9,0.09567848593,283.226257324,0.505265414715,-1.58388245106,-2.02224588394,28729.0,0.591300010681,66
57776,2718,11242,12659,2019,3,8,20,45,-1,9,9,9,0.0958440974355,283.449768066,0.5002294182779999,-1.04076528549,-2.6093184948,28639.0,0.591300010681,67
57776,2718,11242,12659,2019,3,9,26,52,15,9,9,9,0.09602314978839999,281.913146973,0.497904092073,0.553399443626,-1.68335235119,28616.0,0.591300010681,68
57776,2718,11242,12659,2019,3,10,44,81,13,9,9,9,0.0961892753839,288.627929688,0.47628730535499997,-0.546444833279,-1.8004963397999998,28754.0,0.591300010681,69
57776,2718,11242,12659,2019,3,11,94,134,52,9,9,9,0.0963673740625,291.280670166,0.461778372526,-0.444425672293,-2.14001345634,29261.0,0.591300010681,70
57776,2718,11242,12659,2019,3,12,120,164,84,9,9,9,0.0965344160795,293.45803833,0.447835117579,-1.3943891525299998,-0.221101671457,29366.0,0.591300010681,71
57776,2718,11242,12659,2019,3,13,120,164,97,9,9,9,0.096713013947,291.37570190400004,0.443078607321,0.15842245519200002,-1.72050797939,29435.0,0.591300010681,72
57776,2718,11242,12659,2019,3,14,58,120,38,9,9,9,0.0968910902739,288.013336182,0.479939550161,-0.18158487975600002,-2.9616856575,28903.0,0.591300010681,73
57776,2718,11242,12659,2019,3,15,75,112,48,9,9,9,0.0970576554537,290.518218994,0.460633635521,-0.948854923248,-2.0140047073400003,29362.0,0.591300010681,74
57776,2718,11242,12659,2019,3,16,71,87,50,9,9,9,0.097667478025,287.30148315400004,0.452408581972,-0.055425886064800006,-1.1029776334799999,29034.0,0.591300010681,75
57776,2718,11242,12659,2019,3,17,66,77,49,9,9,9,0.09826626628639999,285.74987793,0.475435703993,-0.431177079678,-0.944218039513,29025.0,0.591300010681,76
57776,2718,11242,12659,2019,3,18,88,122,59,9,9,9,0.0988885760307,291.708251953,0.457464516163,0.18481001257899998,0.986482203007,29338.0,0.591300010681,77
57776,2718,11242,12659,2019,3,19,138,162,100,9,9,9,0.09948635846380001,293.640319824,0.456471920013,-0.874973118305,2.71899008751,29464.0,0.591300010681,78
57776,2718,11242,12659,2019,3,20,179,228,148,9,9,9,0.100084662437,299.679992676,0.435271024704,3.54561948776,4.84384489059,30345.0,0.591300010681,79
57776,2718,11241,12659,2019,3,21,123,183,37,9,9,9,0.10070696473099999,298.232940674,0.47683984041199995,3.77241373062,-1.02199459076,29498.0,0.591300010681,80
57776,2718,11241,12659,2019,3,22,8,41,-2,9,9,9,0.101317755878,282.63504028299997,0.507749974728,0.9270606637000001,-3.37960004807,28727.0,0.515900015831,81
57776,2718,11242,12659,2019,3,23,8,21,-1,9,9,9,0.101928062737,281.51785278299997,0.51168859005,0.087662614882,-2.59127855301,28667.0,0.515900015831,82
57776,2718,11241,12659,2019,3,24,26,42,14,9,9,9,0.102537885308,285.621429443,0.49168303608900005,-0.460717439651,-1.22280955315,28810.0,0.515900015831,83
57776,2718,11241,12659,2019,3,25,76,126,21,9,9,9,0.10313614457800001,290.371246338,0.48314040899300004,0.323958426714,0.769344806671,29176.0,0.515900015831,84
57776,2718,11241,12659,2019,3,26,110,132,89,9,9,9,0.10374648868999999,289.628936768,0.47248163819300004,-0.48801416158699995,-0.414235442877,29055.0,0.515900015831,85
57776,2718,11242,12659,2019,3,27,152,161,128,9,9,9,0.104369260371,297.970703125,0.48823964595799996,1.98361468315,4.19479036331,29416.0,0.515900015831,86
57776,2718,11241,12659,2019,3,28,130,162,92,9,9,9,0.10496706515599999,291.308837891,0.40579482913000003,0.440410405397,-2.8511710166900004,29387.0,0.515900015831,87
57776,2718,11242,12659,2019,3,29,111,152,91,9,9,9,0.105577342212,293.453918457,0.435157895088,-0.83862555027,-0.533626198769,29463.0,0.515900015831,88
57776,2718,11242,12659,2019,3,30,127,168,99,9,9,9,0.106188170612,295.610168457,0.42881438136100003,-1.7321796417200002,-2.04818964005,29426.0,0.515900015831,89
57776,2718,11242,12659,2019,3,31,46,103,31,9,9,9,0.106785975397,285.31008911099997,0.467325150967,-0.951540350914,-3.6183288097400004,28703.0,0.515900015831,90
57776,2718,11242,12659,2019,4,1,74,118,36,9,9,9,0.107396274805,291.714050293,0.474198907614,-2.28982591629,-0.049930661916699995,29035.0,0.515900015831,91
57776,2718,11241,12659,2019,4,2,121,141,75,9,9,9,0.108007051051,294.841156006,0.47237345576300005,0.711168706417,2.8185148239099997,29428.0,0.515900015831,92
57776,2718,11241,12659,2019,4,3,60,128,54,9,9,9,0.108629390597,286.230377197,0.45597186684600005,0.39281064271899996,-3.0494842529299997,28895.0,0.515900015831,93
57776,2718,11242,12659,2019,4,4,71,106,60,9,9,9,0.10922717303,288.59808349599996,0.511664807796,-0.11104437708900002,-1.06363976002,29131.0,0.515900015831,94
57776,2718,11242,12659,2019,4,5,107,163,70,9,9,9,0.10983797162799999,294.472259521,0.47383055090899995,1.42252254486,1.10213756561,29406.0,0.515900015831,95
57776,2718,11242,12659,2019,4,6,153,207,118,9,9,9,0.11044730246099999,297.147796631,0.46093288063999993,2.21147251129,1.7349439859400002,29797.0,0.515900015831,96
57776,2718,11241,12659,2019,4,7,181,216,142,9,9,9,0.111046075821,300.211578369,0.440447032452,1.32120382786,2.24438023567,30213.0,0.694000005722,97
57776,2718,11241,12659,2019,4,8,188,221,173,9,9,9,0.11165635287799999,301.34954834,0.42313098907499996,0.7530841231350001,5.7754421234099995,30320.0,0.694000005722,98
57776,2718,11242,12659,2019,4,9,169,250,76,9,9,9,0.112266205251,303.146820068,0.403643518686,3.46473097801,5.02813625336,30619.0,0.694000005722,99
57776,2718,11241,12659,2019,4,10,47,94,25,9,9,9,0.11287649720899999,285.341918945,0.448537677526,-0.42246106267,-2.9668502807599997,28910.0,0.694000005722,100
57776,2718,11242,12659,2019,4,11,61,103,15,9,9,9,0.113487303257,284.675201416,0.41785028576899996,0.27931186556800003,-2.42443585396,28949.0,0.694000005722,101
57776,2718,11241,12659,2019,4,12,101,133,66,9,9,9,0.114085055888,290.313659668,0.436897695065,-1.23504316807,0.580614328384,29294.0,0.694000005722,102
57776,2718,11241,12659,2019,4,13,124,147,81,9,9,9,0.114695869386,289.81137085,0.473679512739,-0.434748709202,-0.532019019127,29176.0,0.694000005722,103
57776,2718,11242,12659,2019,4,14,99,138,80,9,9,9,0.115305684507,290.487701416,0.495976060629,0.12671412527599998,-2.8859682083099996,29194.0,0.694000005722,104
57776,2718,11241,12659,2019,4,15,90,109,69,9,9,9,0.11591600626700001,292.544372559,0.482427626848,-1.36423242092,-0.24922919273400002,29415.0,0.694000005722,105
57776,2718,11241,12659,2019,4,16,119,161,87,9,9,9,0.11686351150299999,295.394714355,0.43048802018200005,1.20594120026,0.317731708288,29535.0,0.694000005722,106
57776,2718,11242,12659,2019,4,17,168,222,127,9,9,9,0.11779754608899999,298.22293090799997,0.42495483159999997,0.0969913527369,2.58162164688,29831.0,0.694000005722,107
57776,2718,11242,12659,2019,4,18,163,181,147,9,9,9,0.118732556701,299.856811523,0.416275650263,0.628204345703,4.68839597702,29627.0,0.694000005722,108
57776,2718,11242,12659,2019,4,19,174,193,150,9,9,9,0.119667582214,298.85357666,0.469081699848,-0.6874392032619999,0.50414121151,29876.0,0.694000005722,109
57776,2718,11242,12659,2019,4,20,175,214,155,9,9,9,0.120602093637,299.110412598,0.48573669791199997,-0.458846867085,0.760234773159,29697.0,0.694000005722,110
57776,2718,11242,12659,2019,4,21,177,215,132,9,9,9,0.121537126601,293.656402588,0.470513612032,0.22673745453400002,-3.08986449242,29593.0,0.694000005722,111
57776,2718,11241,12659,2019,4,22,171,208,116,9,9,9,0.12248463183599999,295.547515869,0.43178114295000003,-0.056458432227400004,-0.8278132677079999,29564.0,0.694000005722,112
57776,2718,11242,12659,2019,4,23,173,204,138,9,9,9,0.12340664863600001,298.072753906,0.47853705287,-0.125463530421,0.355698257685,29758.0,0.7626000046729999,113
57776,2718,11241,12659,2019,4,24,204,236,150,9,9,9,0.124342150986,300.836486816,0.47586187720299994,0.7078918218610001,-0.744116485119,30081.0,0.7626000046729999,114
57776,2718,11241,12659,2019,4,25,185,212,153,9,9,9,0.12527668476099998,300.175445557,0.434089869261,0.5298618078230001,-0.23467978835099998,30371.0,0.7626000046729999,115
57776,2718,11241,12659,2019,4,26,189,226,165,9,9,9,0.12622320652000002,303.436950684,0.426687270403,-0.37593898177100005,1.17505335808,30291.0,0.7626000046729999,116
57776,2718,11242,12659,2019,4,27,151,175,139,9,9,9,0.127170234919,291.41476440400004,0.45945984125100003,0.20606313645799998,-0.810761749744,29557.0,0.7626000046729999,117
57776,2718,11242,12659,2019,4,28,166,194,150,9,9,9,0.12809325754599998,292.270355225,0.472429573536,-0.52887403965,-2.4834122657799997,29397.0,0.7626000046729999,118
57776,2718,11242,12659,2019,4,29,133,172,64,9,9,9,0.129015296698,286.145751953,0.42445930838600004,0.165763869882,-2.8163275718700005,28970.0,0.7626000046729999,119
57776,2718,11242,12659,2019,4,30,96,129,70,9,9,9,0.129962801933,293.584564209,0.46462649107,0.36291199922600004,-1.93051707745,29480.0,0.7626000046729999,120
57776,2718,11241,12659,2019,5,1,130,175,90,9,9,9,0.13090884685499998,296.063323975,0.443338662386,-2.4253811836200003,-1.96949362755,29622.0,0.7626000046729999,121
57776,2718,11242,12659,2019,5,2,127,152,111,9,9,9,0.131831839681,295.459075928,0.43652734160400003,-1.14274811745,-0.614015996456,29557.0,0.7626000046729999,122
57776,2718,11242,12659,2019,5,3,148,186,115,9,9,9,0.132779359818,297.531433105,0.42236384749399997,-1.83215069771,-0.0420749895275,29712.0,0.7626000046729999,123
57776,2718,11241,12659,2019,5,4,146,162,137,9,9,9,0.13370285928200001,298.54724121099997,0.412496298552,0.044572416693,1.93603587151,29822.0,0.7626000046729999,124
57776,2718,11242,12659,2019,5,5,143,155,130,9,9,9,0.134648427367,293.713653564,0.507839024067,-0.8158760070800001,-0.7041625380519999,29652.0,0.7626000046729999,125
57776,2718,11242,12659,2019,5,6,111,131,106,9,9,9,0.135584399104,290.251464844,0.503944993019,-1.38500976563,-2.69249820709,29362.0,0.7626000046729999,126
57776,2718,11241,12659,2019,5,7,95,113,86,9,9,9,0.13651894033,289.70748901400003,0.512918651104,-1.62356352806,-2.94318985939,28994.0,0.7626000046729999,127
57776,2718,11241,12659,2019,5,8,100,135,70,9,9,9,0.137454465032,288.378692627,0.511584341526,0.5364130735399999,-1.6227307319600002,29317.0,0.7626000046729999,128
57776,2718,11242,12659,2019,5,9,113,155,91,9,9,9,0.138388499618,294.99105835,0.484681069851,-0.8287367820739999,-1.4401063919100001,29581.0,0.820900022984,129
57776,2718,11242,12659,2019,5,10,143,190,111,9,9,9,0.13932351767999998,297.61932373,0.462809354067,0.38728260994,-0.573316752911,29787.0,0.820900022984,130
57776,2718,11241,12659,2019,5,11,173,219,140,9,9,9,0.140270069242,299.863067627,0.443981707096,-0.0975580811501,0.728696227074,30216.0,0.820900022984,131
57776,2718,11242,12659,2019,5,12,183,207,159,9,9,9,0.141193047166,301.264831543,0.430245786905,0.349280565977,1.59192371368,30168.0,0.820900022984,132
57776,2718,11242,12659,2019,5,13,153,187,117,9,9,9,0.14212757349000002,294.34274292,0.46906161308300004,1.0001817941700002,-1.5951499938999998,29608.0,0.820900022984,133
57776,2718,11242,12659,2019,5,14,177,210,135,9,9,9,0.143074601889,298.829559326,0.470510691404,-0.615014374256,2.88586831093,29922.0,0.820900022984,134
57776,2718,11242,12659,2019,5,15,198,207,179,9,9,9,0.144009634852,302.133392334,0.458877801895,0.810020625591,-0.0017004911787799999,29651.0,0.820900022984,135
57776,2718,11242,12659,2019,5,16,197,230,186,9,9,9,0.14449806511399998,300.083404541,0.449848562479,0.480843961239,1.24309289455,29837.0,0.820900022984,136
57776,2718,11242,12659,2019,5,17,194,223,173,9,9,9,0.144999057055,296.929656982,0.417485624552,0.0405432470143,-2.4797680378,29778.0,0.820900022984,137
57776,2718,11242,12659,2019,5,18,207,243,173,9,9,9,0.145488485694,299.875640869,0.49831065535499997,-0.84182959795,0.817157924175,30259.0,0.820900022984,138
57776,2718,11242,12659,2019,5,19,186,217,146,9,9,9,0.146002441645,296.602325439,0.43016472458800004,-0.254959136248,-1.32952487469,29979.0,0.820900022984,139
57776,2718,11241,12659,2019,5,20,120,148,96,9,9,9,0.146490901709,292.637512207,0.485017716885,0.332067072392,-2.28878045082,29661.0,0.820900022984,140
57776,2718,11242,12659,2019,5,21,145,174,110,9,9,9,0.146991848946,297.049468994,0.455237925053,-0.236989215016,-0.8305819630619999,29819.0,0.820900022984,141
57776,2718,11242,12659,2019,5,22,148,187,125,9,9,9,0.147493332624,298.529449463,0.436985969543,0.9045609831810001,-0.329349726439,30010.0,0.820900022984,142
57776,2718,11242,12659,2019,5,23,179,222,142,9,9,9,0.147982269526,300.497955322,0.41443055868100004,-1.0120818615,0.982208549976,30327.0,0.820900022984,143
57776,2718,11242,12659,2019,5,24,197,233,165,9,9,9,0.148483216763,301.131072998,0.40597721934299996,0.38540238142,3.40006065369,30329.0,0.820900022984,144
57776,2718,11242,12659,2019,5,25,190,198,184,9,9,9,0.148972660303,300.177490234,0.40753379464100004,-0.532160758972,4.65105247498,30181.0,0.8506000041959999,145
57776,2718,11241,12659,2019,5,26,196,213,178,9,9,9,0.149473145604,300.450683594,0.473492324352,1.4177289009099998,3.1431286335000004,30128.0,0.8506000041959999,146
57776,2718,11242,12659,2019,5,27,179,200,148,9,9,9,0.14996208250499998,297.595214844,0.50847607851,-0.662274181843,-2.1478290557900004,30272.0,0.8506000041959999,147
57776,2718,11241,12659,2019,5,28,150,169,132,9,9,9,0.150475546718,298.394042969,0.42299151420599995,-1.41873061657,-4.20456457138,29752.0,0.8506000041959999,148
57776,2718,11242,12659,2019,5,29,145,168,116,9,9,9,0.150977030396,297.401275635,0.403886407614,-1.0612235069299998,-2.70406723022,29684.0,0.8506000041959999,149
57776,2718,11241,12659,2019,5,30,162,174,147,9,9,9,0.151464983821,292.26208496099997,0.512747347355,0.274632692337,-0.9745410084720001,29808.0,0.8506000041959999,150
57776,2718,11241,12659,2019,5,31,155,202,136,9,9,9,0.1519664675,297.7996521,0.46890175342600005,-0.188531503081,-0.793108344078,29858.0,0.8506000041959999,151
57776,2718,11242,12659,2019,6,1,152,164,141,9,9,9,0.152455881238,295.2628479,0.459558367729,0.440100640059,-0.691524624825,29661.0,0.8506000041959999,152
57776,2718,11241,12659,2019,6,2,177,220,135,9,9,9,0.152945309877,300.701019287,0.477727144957,0.855200231075,0.998862981796,30158.0,0.8506000041959999,153
57776,2718,11241,12659,2019,6,3,205,260,176,9,9,9,0.153446272016,303.195495605,0.4511476159100001,1.05133008957,1.8202723264700003,30365.0,0.8506000041959999,154
57776,2718,11242,12659,2019,6,4,222,259,197,9,9,9,0.153958767653,304.44308471700003,0.42745125293700004,1.1547181606299999,3.02449512482,30459.0,0.8506000041959999,155
57776,2718,11242,12659,2019,6,5,200,220,187,9,9,9,0.154460728168,300.51675415,0.416167974472,-0.629633784294,3.50548791885,30467.0,0.8506000041959999,156
57776,2718,11241,12659,2019,6,6,210,244,188,9,9,9,0.15494915843,302.847961426,0.455326616764,2.0228047370900004,2.7438902854900005,29909.0,0.8506000041959999,157
57776,2718,11242,12659,2019,6,7,197,212,185,9,9,9,0.155450642109,300.149383545,0.452778697014,-0.195787265897,-1.0787272453299999,30345.0,0.8506000041959999,158
57776,2718,11242,12659,2019,6,8,204,222,187,9,9,9,0.15593957901,302.836578369,0.49863520264600003,1.21435582638,2.8276526927900005,30289.0,0.8506000041959999,159
57776,2718,11242,12659,2019,6,9,195,210,178,9,9,9,0.15644103288699998,298.934112549,0.490446031094,0.526122450829,2.10721468925,30187.0,0.8506000041959999,160
57776,2718,11242,12659,2019,6,10,195,208,188,9,9,9,0.156941518188,302.051940918,0.453726172447,-0.10976656526300001,-2.07092881203,30207.0,0.86360001564,161
57776,2718,11242,12659,2019,6,11,202,225,186,9,9,9,0.157442465425,300.759765625,0.488237410784,-0.903279721737,-0.5049264431,30152.0,0.86360001564,162
57776,2718,11242,12659,2019,6,12,178,201,157,9,9,9,0.157932400703,298.012756348,0.502225458622,-1.34705984592,-1.79559111595,29698.0,0.86360001564,163
57776,2718,11242,12659,2019,6,13,149,176,144,9,9,9,0.158433377743,296.085754395,0.48289030790299997,0.412880599499,-3.02747488022,29803.0,0.86360001564,164
57776,2718,11242,12659,2019,6,14,170,207,130,9,9,9,0.158921837807,299.514007568,0.459254652262,-1.19291436672,-1.68755185604,30014.0,0.86360001564,165
57776,2718,11241,12659,2019,6,15,196,238,160,9,9,9,0.159422799945,301.636901855,0.437243252993,-1.23044109344,1.0804557800299999,29906.0,0.86360001564,166
57776,2718,11242,12659,2019,6,16,186,202,175,9,9,9,0.158635675907,301.811676025,0.42125016450900005,-0.47331109642999997,2.9703054428099995,29814.0,0.86360001564,167
57776,2718,11242,12659,2019,6,17,197,223,184,9,9,9,0.157848611474,299.957672119,0.49054703116400006,-0.318101972342,1.84991669655,29699.0,0.86360001564,168
57776,2718,11241,12659,2019,6,18,222,257,199,9,9,9,0.157049447298,302.523284912,0.477788984776,1.02013230324,-0.021958449855400002,30061.0,0.86360001564,169
57776,2718,11242,12659,2019,6,19,221,260,202,9,9,9,0.156262814999,304.283416748,0.465949237347,1.19727516174,4.10445356369,30385.0,0.86360001564,170
57776,2718,11242,12659,2019,6,20,229,258,210,9,9,9,0.155475690961,304.53054809599996,0.438440382481,1.65126276016,4.81807518005,30453.0,0.86360001564,171
57776,2718,11242,12659,2019,6,21,233,256,220,9,9,9,0.154664039612,304.043548584,0.418571174145,1.3408102989200001,2.91096997261,30283.0,0.86360001564,172
57776,2718,11242,12659,2019,6,22,204,227,180,9,9,9,0.153876960278,301.948730469,0.442640811205,0.634886980057,1.0745403766600001,29688.0,0.86360001564,173
57776,2718,11242,12659,2019,6,23,159,190,149,9,9,9,0.153090327978,296.221038818,0.507608056068,-0.761809706688,-2.30182123184,29604.0,0.86360001564,174
57776,2718,11242,12659,2019,6,24,166,185,151,9,9,9,0.152302712202,300.349456787,0.458127856255,-1.0106136798899998,-1.22151911259,29938.0,0.86360001564,175
57776,2718,11241,12659,2019,6,25,184,210,165,9,9,9,0.15150359273,300.932922363,0.443813383579,0.0194169152528,-0.7993541359899999,30140.0,0.86360001564,176
57776,2718,11241,12659,2019,6,26,205,234,184,9,9,9,0.150704473257,302.904632568,0.430397778749,0.280342131853,0.221023365855,30301.0,0.876900017262,177
57776,2718,11241,12659,2019,6,27,217,264,200,9,9,9,0.149917826056,304.25711059599996,0.41790196299599996,-0.0317702926695,3.17685699463,30332.0,0.876900017262,178
57776,2718,11241,12659,2019,6,28,231,265,214,9,9,9,0.149130702019,304.83355712900004,0.418592900038,2.01061558723,3.9820544719699997,30541.0,0.876900017262,179
57776,2718,11242,12659,2019,6,29,225,239,217,9,9,9,0.148330613971,301.526611328,0.415247112513,0.102671049535,-1.78004086018,30026.0,0.876900017262,180
57776,2718,11241,12659,2019,6,30,218,254,200,9,9,9,0.147543504834,300.953460693,0.45951285958300003,-0.285457640886,-0.803645133972,30316.0,0.876900017262,181
57776,2718,11242,12659,2019,7,1,217,240,191,9,9,9,0.146757364273,303.867767334,0.43568277358999996,-0.993838787079,-1.9078141450900001,30152.0,0.876900017262,182
57776,2718,11242,12659,2019,7,2,211,249,195,9,9,9,0.14595727622500002,303.731079102,0.434596598148,-1.93920266628,-3.0355772972099997,30233.0,0.876900017262,183
57776,2718,11242,12659,2019,7,3,217,260,191,9,9,9,0.14517012238500002,304.223571777,0.41062200069399996,-1.3705804348,-2.39994931221,30313.0,0.876900017262,184
57776,2718,11242,12659,2019,7,4,207,238,198,9,9,9,0.144383475184,299.68005371099997,0.47040888667099995,1.3812197446799999,0.639768242836,30119.0,0.876900017262,185
57776,2718,11242,12659,2019,7,5,201,219,195,9,9,9,0.143571853638,299.891021729,0.49596992134999995,1.2961338758499998,1.09816741943,29797.0,0.876900017262,186
57776,2718,11241,12659,2019,7,6,207,229,198,9,9,9,0.142785251141,302.810028076,0.476264715195,1.97289025784,2.6185953617099997,30178.0,0.876900017262,187
57776,2718,11242,12659,2019,7,7,199,211,172,9,9,9,0.141997650266,298.887207031,0.462824344635,1.2009871006000001,1.2630368471100002,29686.0,0.876900017262,188
57776,2718,11242,12659,2019,7,8,195,200,186,9,9,9,0.141198992729,299.089752197,0.462276309729,2.0615515708900003,2.2908017635299998,29685.0,0.876900017262,189
57776,2718,11242,12659,2019,7,9,158,199,149,9,9,9,0.140411391854,295.334625244,0.454515695572,0.19372613728,-2.51462125778,29549.0,0.876900017262,190
57776,2718,11241,12659,2019,7,10,177,213,151,9,9,9,0.139624282718,300.278533936,0.46439614892,-0.237571880221,-1.3502025604199999,30013.0,0.876900017262,191
57776,2718,11241,12659,2019,7,11,190,216,166,9,9,9,0.13883715868,301.10635376,0.442118912935,-0.8611331582070001,2.1468863487200003,30139.0,0.876900017262,192
57776,2718,11242,12659,2019,7,12,199,205,183,9,9,9,0.138038530946,301.02243042,0.43888857960699995,1.96341466904,3.1121616363499998,30028.0,0.880800008774,193
57776,2718,11241,12659,2019,7,13,174,208,163,9,9,9,0.137251377106,298.533782959,0.416775882244,0.600454628468,-1.65756714344,29674.0,0.880800008774,194
57776,2718,11241,12659,2019,7,14,182,192,170,9,9,9,0.13646380603299998,298.92419433599997,0.49396339058899996,-0.026034412905599998,0.5680940747259999,29632.0,0.880800008774,195
57776,2718,11242,12659,2019,7,15,196,226,179,9,9,9,0.135665163398,301.3331604,0.477230042219,-0.131044313312,1.25135862827,30169.0,0.880800008774,196
57776,2718,11242,12659,2019,7,16,220,256,201,9,9,9,0.136177793145,303.74264526400003,0.45148348808300004,0.8488730192180001,2.57639241219,30087.0,0.880800008774,197
57776,2718,11241,12659,2019,7,17,237,272,214,9,9,9,0.13666734099400002,305.417297363,0.43680712580700004,0.448209911585,1.19195318222,30517.0,0.880800008774,198
57776,2718,11242,12659,2019,7,18,236,259,220,9,9,9,0.137180477381,303.588104248,0.445271253586,0.644660651684,-2.77472782135,30375.0,0.880800008774,199
57776,2718,11242,12659,2019,7,19,216,239,209,9,9,9,0.137682050467,303.327545166,0.46935978531800004,0.534648895264,-1.341558218,30408.0,0.880800008774,200
57776,2718,11242,12659,2019,7,20,215,243,201,9,9,9,0.13818413019200002,301.86877441400003,0.467654466629,1.56873178482,1.24995923042,30389.0,0.880800008774,201
57776,2718,11242,12659,2019,7,21,218,231,212,9,9,9,0.138684242964,304.249237061,0.47900778055200005,1.28528594971,2.51862812042,30355.0,0.880800008774,202
57776,2718,11241,12659,2019,7,22,229,254,213,9,9,9,0.139198303223,304.753875732,0.455453127623,1.51686966419,2.96297073364,30428.0,0.880800008774,203
57776,2718,11242,12659,2019,7,23,225,252,208,9,9,9,0.139687418938,304.150360107,0.44656056165700003,1.0464590787899999,3.56744718552,30479.0,0.880800008774,204
57776,2718,11242,12659,2019,7,24,228,262,205,9,9,9,0.14020052552200002,304.61999511700003,0.423033416271,1.5045378208200002,2.8329317569700003,30499.0,0.880800008774,205
57776,2718,11242,12659,2019,7,25,233,272,212,9,9,9,0.140702098608,304.784667969,0.403525620699,1.6475584506999998,2.7881000042000004,30537.0,0.880800008774,206
57776,2718,11242,12659,2019,7,26,237,271,216,9,9,9,0.141203224659,305.35192871099997,0.37979736924199997,1.9294233322099998,3.6572430133800005,30588.0,0.880800008774,207
57776,2718,11242,12659,2019,7,27,237,275,215,9,9,9,0.141704767942,305.961090088,0.355940163136,1.39917075634,3.4814803600300004,30583.0,0.880800008774,208
57776,2718,11241,12659,2019,7,28,235,273,221,9,9,9,0.142217904329,306.09851074200003,0.33357027173,1.05330121517,3.4792251586900003,30591.0,0.8802999854090001,209
57776,2718,11242,12659,2019,7,29,227,261,204,9,9,9,0.14270696044,305.150146484,0.315730184317,0.263245970011,3.9827077388800003,30622.0,0.8802999854090001,210
57776,2718,11242,12659,2019,7,30,225,259,201,9,9,9,0.143208071589,305.60031127900004,0.299869924784,0.23199076950599998,3.0340600013700003,30617.0,0.8802999854090001,211
57776,2718,11242,12659,2019,7,31,237,281,212,9,9,9,0.143709182739,306.68637085,0.282361835241,-0.576394319534,0.33706220984499996,30796.0,0.8802999854090001,212
57776,2718,11242,12659,2019,8,1,239,270,214,9,9,9,0.14422225952099998,307.073669434,0.271628499031,-3.4720520973199998,-0.492470413446,30690.0,0.8802999854090001,213
57776,2718,11242,12659,2019,8,2,213,251,196,9,9,9,0.144724860787,304.953277588,0.269064217806,-3.13515925407,0.700585007668,30304.0,0.8802999854090001,214
57776,2718,11241,12659,2019,8,3,229,263,192,9,9,9,0.145225450397,305.397827148,0.25669580698000005,-1.04591917992,-0.41603422164899995,30496.0,0.8802999854090001,215
57776,2718,11241,12659,2019,8,4,233,268,201,9,9,9,0.145727038383,305.755859375,0.245855554938,-0.784708797932,-0.29231312871,30644.0,0.8802999854090001,216
57776,2718,11242,12659,2019,8,5,236,277,212,9,9,9,0.14624017477,307.52935791,0.234103754163,-1.47176909447,-1.0878329277,30723.0,0.8802999854090001,217
57776,2718,11242,12659,2019,8,6,241,283,214,9,9,9,0.14674173295499998,308.19317627,0.224497720599,0.00602416414768,-1.51626098156,30852.0,0.8802999854090001,218
57776,2718,11241,12659,2019,8,7,232,272,204,9,9,9,0.147231310606,308.755249023,0.218783840537,-0.635078966618,-1.98387885094,30767.0,0.8802999854090001,219
57776,2718,11242,12659,2019,8,8,232,272,204,9,9,9,0.14773237705199999,305.902160645,0.23485510051300001,-0.0250922534615,-3.40935349464,30500.0,0.8802999854090001,220
57776,2718,11241,12659,2019,8,9,226,249,218,9,9,9,0.148245990276,307.538970947,0.23439091444000001,0.297573745251,-4.5992269516,30614.0,0.8802999854090001,221
57776,2718,11242,12659,2019,8,10,222,245,213,9,9,9,0.14874660968800002,306.764648438,0.22803217172600002,1.83430540562,-3.52545619011,30526.0,0.8802999854090001,222
57776,2718,11242,12659,2019,8,11,233,276,190,9,9,9,0.149248182774,307.223144531,0.226436287165,0.330907642841,-1.86747992039,30665.0,0.8802999854090001,223
57776,2718,11242,12659,2019,8,12,248,301,215,9,9,9,0.149748802185,309.54528808599997,0.216981053352,1.6516546011000002,1.5704919099799999,30768.0,0.8802999854090001,224
57776,2718,11242,12659,2019,8,13,222,275,186,9,9,9,0.150262370706,308.913421631,0.21422567963599998,0.608260273933,0.476865053177,30854.0,0.8600000143050001,225
57776,2718,11242,12659,2019,8,14,224,264,200,9,9,9,0.150764465332,307.446075439,0.213034883142,0.604770362377,-1.74391961098,30700.0,0.8600000143050001,226
57776,2718,11241,12659,2019,8,15,233,273,205,9,9,9,0.151265561581,306.89172363299997,0.214216098189,0.314236372709,-1.80964767933,30734.0,0.8600000143050001,227
57776,2718,11241,12659,2019,8,16,239,287,209,9,9,9,0.150701284409,308.14303588900003,0.21579429507300002,1.3595856428100002,0.6811043024060001,30678.0,0.8600000143050001,228
57776,2718,11242,12659,2019,8,17,241,273,214,9,9,9,0.150125026703,307.592712402,0.21084217727200003,0.327226608992,1.99227654934,30734.0,0.8600000143050001,229
57776,2718,11242,12659,2019,8,18,249,290,223,9,9,9,0.14954879880000002,307.848724365,0.208146154881,-1.4081658124899998,0.39693659544,30891.0,0.8600000143050001,230
57776,2718,11241,12659,2019,8,19,244,282,215,9,9,9,0.148972511292,307.93600463900003,0.206648826599,-3.1187038421599995,-0.505344152451,30668.0,0.8600000143050001,231
57776,2718,11242,12659,2019,8,20,243,291,213,9,9,9,0.14840874075899999,308.990142822,0.20577840507,-1.0907423496200002,-0.58135843277,30892.0,0.8600000143050001,232
57776,2718,11242,12659,2019,8,21,237,296,169,9,9,9,0.14783295989,309.312255859,0.205320864916,-0.750971257687,-0.232937797904,30834.0,0.8600000143050001,233
57776,2718,11241,12659,2019,8,22,236,266,201,9,9,9,0.147268220782,307.34011840799997,0.218583747745,-0.653078556061,-1.84795498848,30617.0,0.8600000143050001,234
57776,2718,11241,12659,2019,8,23,226,266,203,9,9,9,0.14669197797800002,306.365539551,0.213396191597,-1.33041584492,-2.72481679916,30530.0,0.8600000143050001,235
57776,2718,11242,12659,2019,8,24,225,272,205,9,9,9,0.146116182208,307.000732422,0.21136777102899998,-1.35591125488,-3.08696937561,30700.0,0.8600000143050001,236
57776,2718,11242,12659,2019,8,25,215,251,198,9,9,9,0.145551919937,306.52218627900004,0.20972219109499998,-0.8539016842839999,-5.0719165802,30707.0,0.8600000143050001,237
57776,2718,11242,12659,2019,8,26,199,213,183,9,9,9,0.144976139069,303.299713135,0.259994447231,-3.7859923839599996,0.868066906929,30196.0,0.8600000143050001,238
57776,2718,11242,12659,2019,8,27,209,258,178,9,9,9,0.144411399961,305.526672363,0.247155323625,1.4014152288400001,3.74982738495,30597.0,0.8600000143050001,239
57776,2718,11242,12659,2019,8,28,223,252,204,9,9,9,0.143835619092,307.250213623,0.236959084868,0.165331676602,-2.22820615768,30525.0,0.8600000143050001,240
57776,2718,11242,12659,2019,8,29,193,227,179,9,9,9,0.14325888454900002,300.448883057,0.26104581356,-1.03985977173,-4.27540016174,30293.0,0.8654000163079999,241
57776,2718,11241,12659,2019,8,30,189,238,154,9,9,9,0.142706632614,303.168365479,0.251617491245,-2.34239411354,-2.25333404541,30160.0,0.8654000163079999,242
57776,2718,11242,12659,2019,8,31,188,236,162,9,9,9,0.142130866647,303.484222412,0.238206282258,-2.7460224628400005,-2.28188085556,30275.0,0.8654000163079999,243
57776,2718,11242,12659,2019,9,1,168,204,152,9,9,9,0.141566127539,300.87658691400003,0.228886976838,-0.265556633472,-4.8026986122099995,29895.0,0.8654000163079999,244
57776,2718,11242,12659,2019,9,2,160,172,146,9,9,9,0.140989840031,298.082183838,0.384603738785,-0.670660793781,-2.61994719505,29681.0,0.8654000163079999,245
57776,2718,11242,12659,2019,9,3,171,199,150,9,9,9,0.140414059162,301.098175049,0.35725876689,-1.7101598978,-3.28916168213,30211.0,0.8654000163079999,246
57776,2718,11242,12659,2019,9,4,182,221,159,9,9,9,0.13985028862999999,302.675811768,0.324944913387,-1.5044662952399999,-3.55297422409,30183.0,0.8654000163079999,247
57776,2718,11242,12659,2019,9,5,195,237,170,9,9,9,0.139273062348,303.970489502,0.298427194357,-1.4314163923299998,-3.5039777755699997,30252.0,0.8654000163079999,248
57776,2718,11242,12659,2019,9,6,208,250,179,9,9,9,0.138709291816,304.518768311,0.276170402765,-0.157540038228,-2.79396176338,30241.0,0.8654000163079999,249
57776,2718,11242,12659,2019,9,7,222,264,186,9,9,9,0.138133987784,306.1902771,0.257456958294,0.137995734811,-1.17804253101,30517.0,0.8654000163079999,250
57776,2718,11241,12659,2019,9,8,235,276,210,9,9,9,0.137557223439,308.205322266,0.240258350968,0.504414916039,0.39520907401999994,30528.0,0.8654000163079999,251
57776,2718,11242,12659,2019,9,9,241,284,215,9,9,9,0.136993482709,308.57913208,0.227444007993,0.917235672474,1.49059355259,30680.0,0.8654000163079999,252
57776,2718,11242,12659,2019,9,10,224,265,201,9,9,9,0.136416703463,306.974853516,0.261979103088,0.13905839622000002,1.50509536266,30704.0,0.8654000163079999,253
57776,2718,11242,12659,2019,9,11,230,262,205,9,9,9,0.135852947831,307.434997559,0.275845676661,0.0173614174128,0.331446230412,30616.0,0.8654000163079999,254
57776,2718,11242,12659,2019,9,12,241,280,210,9,9,9,0.135276675224,307.27609252900004,0.272440552711,-0.999764204025,0.793126225471,30752.0,0.8654000163079999,255
57776,2718,11242,12659,2019,9,13,248,283,220,9,9,9,0.134700402617,308.36227417,0.253810822964,0.00361082516611,-0.373448818922,30650.0,0.8654000163079999,256
57776,2718,11242,12659,2019,9,14,211,246,181,9,9,9,0.13412465155099998,306.864898682,0.236331567168,-0.277172446251,-4.10435295105,30466.0,0.8335000276569999,257
57776,2718,11242,12659,2019,9,15,209,243,184,9,9,9,0.133572399616,304.77648925799997,0.22642983496199998,0.105842813849,-2.54334235191,30248.0,0.8335000276569999,258
57776,2718,11241,12659,2019,9,16,196,236,165,9,9,9,0.132942810655,303.13494873,0.219720870256,0.0632492974401,-3.47200036049,29964.0,0.8335000276569999,259
57776,2718,11242,12659,2019,9,17,185,228,168,9,9,9,0.132338702679,303.861175537,0.214833319187,-1.1059961319,-2.87720036507,29983.0,0.8335000276569999,260
57776,2718,11242,12659,2019,9,18,143,167,136,9,9,9,0.131720602512,301.40737915,0.211927324533,-0.905108273029,-4.70678663254,29714.0,0.8335000276569999,261
57776,2718,11242,12659,2019,9,19,165,210,130,9,9,9,0.131116002798,301.45657348599997,0.20999532938,-0.9931134581569999,-2.9499719142900003,30052.0,0.8335000276569999,262
57776,2718,11242,12659,2019,9,20,159,211,136,9,9,9,0.130487367511,301.716217041,0.208188891411,-0.670166611671,-4.30909824371,29995.0,0.8335000276569999,263
57776,2718,11242,12659,2019,9,21,146,191,113,9,9,9,0.129881307483,300.72814941400003,0.207047328353,-0.7118536829950001,-6.537499427799999,29912.0,0.8335000276569999,264
57776,2718,11241,12659,2019,9,22,150,203,111,9,9,9,0.129252687097,300.72628784200003,0.206357717514,-1.2524968385700002,-4.877485752109999,30030.0,0.8335000276569999,265
57776,2718,11242,12659,2019,9,23,173,221,136,9,9,9,0.128647625446,301.790405273,0.205803841352,-1.42291545868,-2.35977363586,30077.0,0.8335000276569999,266
57776,2718,11242,12659,2019,9,24,182,230,149,9,9,9,0.12804248929,302.42312622099996,0.20542114973099998,-0.8368477821349999,-2.09375429153,30218.0,0.8335000276569999,267
57776,2718,11242,12659,2019,9,25,186,230,162,9,9,9,0.127425417304,302.47155761700003,0.205165207386,-0.942187130451,-1.7982823848700003,30142.0,0.8335000276569999,268
57776,2718,11241,12659,2019,9,26,179,225,156,9,9,9,0.126808330417,300.558380127,0.20567633211599998,-1.85935986042,-1.47541689873,30248.0,0.8335000276569999,269
57776,2718,11242,12659,2019,9,27,188,231,160,9,9,9,0.126190260053,302.452575684,0.205245822668,-1.7668019533200001,-1.43309283257,30192.0,0.8335000276569999,270
57776,2718,11242,12659,2019,9,28,201,240,168,9,9,9,0.125573605299,303.43939209,0.20500440895599997,-1.1853556633,-1.61094462872,30314.0,0.8335000276569999,271
57776,2718,11241,12659,2019,9,29,209,248,181,9,9,9,0.12496953457599999,304.314208984,0.204846948385,-1.66103601456,-0.569719731808,30255.0,0.8335000276569999,272
57776,2718,11242,12659,2019,9,30,214,255,184,9,9,9,0.12435145676100001,304.997528076,0.20472083985800002,-2.13851237297,-1.64019072056,30520.0,0.821500003338,273
57776,2718,11241,12659,2019,10,1,222,258,191,9,9,9,0.12373480945800001,305.24710083,0.204646766186,-0.516589581966,-0.877410292625,30485.0,0.821500003338,274
57776,2718,11242,12659,2019,10,2,231,270,194,9,9,9,0.123118244112,306.474304199,0.20459009707000003,-0.230037197471,0.618277609348,30515.0,0.821500003338,275
57776,2718,11242,12659,2019,10,3,237,277,212,9,9,9,0.122513137758,306.983428955,0.204562097788,1.24993526936,2.2043762207,30611.0,0.821500003338,276
57776,2718,11242,12659,2019,10,4,238,275,219,9,9,9,0.12189602106799999,306.91949462900004,0.20456053316599998,0.827576935291,2.10678648949,30581.0,0.821500003338,277
57776,2718,11242,12659,2019,10,5,204,259,139,9,9,9,0.121278464794,305.139221191,0.20463308692,0.039230056107,-4.141280651090001,30320.0,0.821500003338,278
57776,2718,11242,12659,2019,10,6,174,208,145,9,9,9,0.120661370456,299.22024536099997,0.204764842987,-0.32791113853500004,-1.7408208847,29523.0,0.821500003338,279
57776,2718,11242,12659,2019,10,7,153,190,139,9,9,9,0.120056241751,295.193908691,0.205182865262,0.46420022845299996,-3.7463908195499998,29506.0,0.821500003338,280
57776,2718,11242,12659,2019,10,8,143,160,125,9,9,9,0.119439169765,295.098419189,0.205629140139,0.09990112483500001,-2.70841789246,29532.0,0.821500003338,281
57776,2718,11242,12659,2019,10,9,170,222,137,9,9,9,0.11882255226399999,299.79284668,0.20536608994000002,-0.256460607052,1.50465559959,30016.0,0.821500003338,282
57776,2718,11242,12659,2019,10,10,204,254,177,9,9,9,0.118205413222,303.73132324200003,0.20519044995299998,2.05791711807,2.56470155716,30401.0,0.821500003338,283
57776,2718,11242,12659,2019,10,11,187,231,161,9,9,9,0.11760083585999999,299.658203125,0.206264823675,-0.10365483164799999,-2.34559798241,30175.0,0.821500003338,284
57776,2718,11242,12659,2019,10,12,121,166,114,9,9,9,0.116983279586,293.094970703,0.30538135766999996,0.50372248888,-3.2528438568099998,29509.0,0.821500003338,285
57776,2718,11242,12659,2019,10,13,123,130,116,9,9,9,0.116365708411,294.40246582,0.308579206467,-0.440231472254,-3.36380434036,29579.0,0.821500003338,286
57776,2718,11242,12659,2019,10,14,132,139,123,9,9,9,0.11574856936899999,292.845031738,0.420393913984,-0.592131972313,-2.91278457642,29503.0,0.821500003338,287
57776,2718,11242,12659,2019,10,15,112,133,99,9,9,9,0.11513196677000001,293.836456299,0.39547932148000003,-2.21174693108,-3.36337947845,29386.0,0.821500003338,288
57776,2718,11242,12659,2019,10,16,109,132,76,9,9,9,0.114852383733,291.740814209,0.40653139352799994,-0.37701728939999996,-3.7041208744,29117.0,0.825900018215,289
57776,2718,11242,12659,2019,10,17,77,100,68,9,9,9,0.11457284539899999,290.593963623,0.39140895009000004,1.02060377598,-3.43674898148,29304.0,0.825900018215,290
57776,2718,11242,12659,2019,10,18,103,134,77,9,9,9,0.114282220602,293.573059082,0.42269229888899995,-0.541246235371,-1.9417839050299999,29607.0,0.825900018215,291
57776,2718,11241,12659,2019,10,19,135,177,98,9,9,9,0.114001728594,296.237487793,0.389670044184,-1.04287409782,-0.660031735897,29842.0,0.825900018215,292
57776,2718,11242,12659,2019,10,20,159,200,130,9,9,9,0.113711588085,297.934173584,0.362894028425,-0.38513720035599996,-0.390127927065,29852.0,0.825900018215,293
57776,2718,11242,12659,2019,10,21,173,212,141,9,9,9,0.11343156546399999,298.70715332,0.33967801928499997,-1.03954827785,-0.141425862908,30016.0,0.825900018215,294
57776,2718,11242,12659,2019,10,22,144,172,103,9,9,9,0.113139994442,297.03717041,0.322560310364,-0.670812308788,-0.8000051379199999,29455.0,0.825900018215,295
57776,2718,11242,12659,2019,10,23,103,110,98,9,9,9,0.112873420119,290.86138916,0.456772089005,0.342054575682,-1.9789272546799999,29502.0,0.825900018215,296
57776,2718,11242,12659,2019,10,24,115,142,99,9,9,9,0.11258184909800001,294.024475098,0.420851260424,-0.175284475088,-1.0866461992299998,29527.0,0.825900018215,297
57776,2718,11242,12659,2019,10,25,99,120,76,9,9,9,0.112290248275,290.1121521,0.42381682991999997,0.295934259892,-3.58263206482,29056.0,0.825900018215,298
57776,2718,11242,12659,2019,10,26,69,81,48,9,9,9,0.112010732293,285.500823975,0.448829114437,0.545774042606,-2.76300048828,28739.0,0.825900018215,299
57776,2718,11241,12659,2019,10,27,79,87,64,9,9,9,0.11173162609300001,285.485290527,0.451207518578,0.35566014051399997,-1.8911888599400002,28715.0,0.825900018215,300
57776,2718,11242,12659,2019,10,28,92,130,70,9,9,9,0.11144056916200001,290.426116943,0.44535377621699995,0.568272352219,0.0404146797955,29243.0,0.825900018215,301
57776,2718,11242,12659,2019,10,29,123,165,89,9,9,9,0.111148990691,294.350280762,0.415316700935,-0.7054511308670001,-0.9093871712680001,29295.0,0.825900018215,302
57776,2718,11242,12659,2019,10,30,130,176,96,9,9,9,0.110869407654,295.095184326,0.391719907522,-1.35125386715,-0.922518610954,29409.0,0.825900018215,303
57776,2718,11242,12659,2019,10,31,133,174,104,9,9,9,0.11058986932,295.813262939,0.37144485116,-1.30051362514,-1.08209598064,29373.0,0.825900018215,304
57776,2718,11242,12659,2019,11,1,151,191,118,9,9,9,0.110299244523,296.23135376,0.35377976298299996,-0.34226128459,-0.867103815079,29594.0,0.773599982262,305
57776,2718,11242,12659,2019,11,2,146,192,100,9,9,9,0.110020183027,296.51864624,0.33819761872299997,0.276370018721,-2.3051271438599996,29503.0,0.773599982262,306
57776,2718,11241,12659,2019,11,3,113,155,86,9,9,9,0.10974012315300001,295.36877441400003,0.354608148336,0.018966531381,-3.5278515815699993,29308.0,0.773599982262,307
57776,2718,11242,12659,2019,11,4,110,146,86,9,9,9,0.109449565411,293.81628418,0.33663532137900004,-0.468727350235,-4.02975559235,29325.0,0.773599982262,308
57776,2718,11242,12659,2019,11,5,102,142,82,9,9,9,0.10918200015999999,293.745758057,0.321443676949,-1.95414710045,-2.34871697426,29403.0,0.773599982262,309
57776,2718,11241,12659,2019,11,6,89,103,75,9,9,9,0.108902461827,291.84411621099997,0.315361320972,-0.732993304729,-1.6928566694299998,29288.0,0.773599982262,310
57776,2718,11241,12659,2019,11,7,86,128,61,9,9,9,0.108611382544,293.596466064,0.30678036809,-1.54987204075,-3.77559328079,29330.0,0.773599982262,311
57776,2718,11242,12659,2019,11,8,89,132,70,9,9,9,0.10832028090999998,293.176757813,0.29616189003000004,-1.18819701672,-2.5853686332700003,29327.0,0.773599982262,312
57776,2718,11242,12659,2019,11,9,107,147,76,9,9,9,0.10804075002699999,293.57208252,0.28666886687300003,-1.58708846569,-1.1376490593000002,29346.0,0.773599982262,313
57776,2718,11242,12659,2019,11,10,115,160,85,9,9,9,0.10776166617900002,294.500305176,0.278686106205,0.69651299715,-1.92342674732,29498.0,0.773599982262,314
57776,2718,11242,12659,2019,11,11,144,184,110,9,9,9,0.10746910423,295.673187256,0.271686702967,-0.7086984515189999,1.24398946762,29573.0,0.773599982262,315
57776,2718,11242,12659,2019,11,12,166,202,139,9,9,9,0.107178509235,298.145751953,0.264751911163,0.286078363657,1.6311068534900002,29821.0,0.773599982262,316
57776,2718,11242,12659,2019,11,13,94,166,53,9,9,9,0.10689848661399999,288.046081543,0.268809080124,0.216285526752,-5.128483295440001,28880.0,0.773599982262,317
57776,2718,11241,12659,2019,11,14,89,138,52,9,9,9,0.10660739242999999,292.089935303,0.263323247433,-0.930661857128,-1.11793899536,29142.0,0.773599982262,318
57776,2718,11242,12659,2019,11,15,139,184,93,9,9,9,0.10634034127,294.821929932,0.256769329309,0.27638989687,1.66613006592,29499.0,0.773599982262,319
57776,2718,11242,12659,2019,11,16,158,175,138,9,9,9,0.10600800812200001,297.731842041,0.25124800205200004,0.17833532392999998,2.33859610558,29535.0,0.773599982262,320
57776,2718,11242,12659,2019,11,17,145,172,100,9,9,9,0.10568770766300001,299.465454102,0.246135443449,1.63842630386,2.7347874641400005,29621.0,0.7827000021930001,321
57776,2718,11242,12659,2019,11,18,6,99,-10,9,9,9,0.105378955603,280.535736084,0.36062675714500003,0.866953670979,-4.48566484451,28575.0,0.7827000021930001,322
57776,2718,11242,12659,2019,11,19,40,79,0,9,9,9,0.105046182871,287.50109863299997,0.348095238209,-1.27114331722,-2.83744430542,28500.0,0.7827000021930001,323
57776,2718,11242,12659,2019,11,20,61,116,20,9,9,9,0.10472586751,288.65652465799997,0.332794457674,-0.641545176506,-1.87132751942,28839.0,0.7827000021930001,324
57776,2718,11242,12659,2019,11,21,84,121,57,9,9,9,0.104393042624,287.893096924,0.321804910898,0.19754149019699999,-1.31937599182,28935.0,0.7827000021930001,325
57776,2718,11242,12659,2019,11,22,121,174,81,9,9,9,0.104096330702,291.876312256,0.31261202693000006,-0.328658729792,0.0833569094539,29383.0,0.7827000021930001,326
57776,2718,11241,12659,2019,11,23,145,188,122,9,9,9,0.103764012456,295.577178955,0.302761644125,0.498049467802,1.31580603123,29498.0,0.7827000021930001,327
57776,2718,11242,12659,2019,11,24,128,196,49,9,9,9,0.103431172669,296.115203857,0.2940094769,0.416457563639,-4.40510129929,29406.0,0.7827000021930001,328
57776,2718,11242,12659,2019,11,25,0,49,-27,9,9,9,0.10312293469900001,279.284423828,0.296794235706,1.03078496456,-5.071866512300001,28582.0,0.7827000021930001,329
57776,2718,11242,12659,2019,11,26,31,78,3,9,9,9,0.10280311852700001,282.628387451,0.293485879898,-0.350919157267,-2.69539856911,28623.0,0.7827000021930001,330
57776,2718,11241,12659,2019,11,27,-4,56,-22,9,9,9,0.102481842041,279.131774902,0.335513621569,0.6967743039129999,-3.3155491352099995,28538.0,0.7827000021930001,331
57776,2718,11242,12659,2019,11,28,-14,-3,-26,9,9,9,0.102149002254,280.358734131,0.336885035038,-0.23920364677900002,-3.3258855342900002,28533.0,0.7827000021930001,332
57776,2718,11242,12659,2019,11,29,3,13,-8,9,9,9,0.101816736162,284.514801025,0.330076962709,-0.8597738146780001,-1.2501479387299999,28537.0,0.7827000021930001,333
57776,2718,11242,12659,2019,11,30,26,56,-6,9,9,9,0.101520463824,284.58938598599997,0.32423260808000004,-0.0361154489219,-2.61540555954,28542.0,0.7827000021930001,334
57776,2718,11242,12659,2019,12,1,-14,4,-20,9,9,9,0.10118862986600001,279.55187988299997,0.381390988827,0.813862323761,-3.5853660106699996,28472.0,0.7827000021930001,335
57776,2718,11242,12659,2019,12,2,-7,15,-18,9,9,9,0.100866898894,284.92489624,0.37024861574199996,-1.0717035531999999,-3.7349486351,28266.0,0.7827000021930001,336
57776,2718,11241,12659,2019,12,3,18,65,-10,9,9,9,0.10053408891000001,285.60705566400003,0.35544940829300004,-1.02873969078,-2.7548158168799994,28455.0,0.768899977207,337
57776,2718,11242,12659,2019,12,4,39,77,17,9,9,9,0.100237816572,287.41519165,0.342028349638,-1.35687685013,-2.97949409485,28440.0,0.768899977207,338
57776,2718,11241,12659,2019,12,5,42,79,23,9,9,9,0.0999059900641,287.672027588,0.329368680716,-1.2212884426100001,-3.6208465099300002,28587.0,0.768899977207,339
57776,2718,11241,12659,2019,12,6,24,65,2,9,9,9,0.0995722562075,285.72869873,0.315596610308,-0.639886200428,-3.47350096703,28469.0,0.768899977207,340
57776,2718,11241,12659,2019,12,7,47,82,4,9,9,9,0.0992644578218,286.300231934,0.306285202503,-0.9833764433859999,-1.8238090276700003,28467.0,0.768899977207,341
57776,2718,11242,12659,2019,12,8,52,94,24,9,9,9,0.0989321619272,287.852844238,0.298394888639,-0.569350242615,-0.287118285894,28790.0,0.768899977207,342
57776,2718,11242,12659,2019,12,9,79,132,45,9,9,9,0.098623380065,289.380706787,0.290937840939,0.644221425056,0.699285984039,28929.0,0.768899977207,343
57776,2718,11241,12659,2019,12,10,91,132,65,9,9,9,0.09829106181859999,290.402374268,0.284115225077,0.71096944809,0.905088543892,29004.0,0.768899977207,344
57776,2718,11241,12659,2019,12,11,90,124,71,9,9,9,0.0979822576046,291.107177734,0.278018802404,-1.1935212612200001,-2.29226732254,28967.0,0.768899977207,345
57776,2718,11242,12659,2019,12,12,90,136,67,9,9,9,0.0976620018482,290.166412354,0.27183178067200003,0.0846847593784,-0.09443345665930002,28897.0,0.768899977207,346
57776,2718,11242,12659,2019,12,13,107,154,84,9,9,9,0.0973297134042,291.517333984,0.266313642263,-0.271169066429,0.0334044396877,28940.0,0.768899977207,347
57776,2718,11242,12659,2019,12,14,117,158,95,9,9,9,0.0970088914037,292.127746582,0.260701596737,-0.223946794868,-0.43603515625,29068.0,0.768899977207,348
57776,2718,11242,12659,2019,12,15,115,150,97,9,9,9,0.0966886430979,292.294708252,0.255068510771,-0.8852143287659999,0.604026913643,29216.0,0.768899977207,349
57776,2718,11242,12659,2019,12,16,134,169,116,9,9,9,0.09654095768930002,291.517974854,0.250224232674,0.0612945482135,-0.9425194263459999,28950.0,0.768899977207,350
57776,2718,11242,12659,2019,12,17,98,143,5,9,9,9,0.09639378637080001,285.091003418,0.25383117795000004,0.568087339401,-3.8640956878699995,28591.0,0.768899977207,351
57776,2718,11242,12659,2019,12,18,-12,41,-28,9,9,9,0.0962471216917,279.75515747099996,0.276193410158,1.0325016975399999,-4.0663433075,28535.0,0.768899977207,352
57776,2718,11242,12659,2019,12,19,-13,3,-34,9,9,9,0.0961004570127,277.77355957,0.339733153582,0.135450646281,-2.14818811417,28510.0,0.7595000267030001,353
57776,2718,11242,12659,2019,12,20,-1,12,-14,9,9,9,0.0959527641535,279.467193604,0.419925302267,-0.256309002638,-2.16552400589,28488.0,0.7595000267030001,354
57776,2718,11242,12659,2019,12,21,1,16,-7,9,9,9,0.09580514580010001,280.110717773,0.4706851542,0.302006572485,-1.8971869945500002,28495.0,0.7595000267030001,355
57776,2718,11242,12659,2019,12,22,26,64,-6,9,9,9,0.0956584811211,282.488220215,0.45204624533699994,0.113356627524,-0.18282574415199998,28483.0,0.7595000267030001,356
57776,2718,11242,12659,2019,12,23,47,69,13,9,9,9,0.0955242887139,283.59286499,0.428123444319,-0.105062499642,-2.24819922447,28474.0,0.7595000267030001,357
57776,2718,11242,12659,2019,12,24,26,44,4,9,9,9,0.09537665545939998,282.612976074,0.417372703552,-0.397650629282,-2.23786830902,28474.0,0.7595000267030001,358
57776,2718,11242,12659,2019,12,25,78,112,22,9,9,9,0.0952289775014,283.682830811,0.424091935158,0.291252076626,-1.6188527345700001,28486.0,0.7595000267030001,359
57776,2718,11241,12659,2019,12,26,-13,24,-26,9,9,9,0.09508185833689999,281.050018311,0.460838168859,-0.104070201516,-4.82166385651,28473.0,0.7595000267030001,360
57776,2718,11241,12659,2019,12,27,10,54,-28,9,9,9,0.0949351638556,284.022766113,0.431715071201,-0.783364713192,-1.7267524003999999,28280.0,0.7595000267030001,361
57776,2718,11241,12659,2019,12,28,51,76,14,9,9,9,0.0947769880295,283.07003784200003,0.417703151703,0.577374875546,-0.47959399223300003,28485.0,0.7595000267030001,362
57776,2718,11242,12659,2019,12,29,90,134,55,9,9,9,0.0946283265948,286.89276123,0.45885804295500005,0.539317309856,0.0415082909167,28558.0,0.7595000267030001,363
57776,2718,11242,12659,2019,12,30,50,95,11,9,9,9,0.0944816619158,284.543273926,0.440591722727,0.39796540141099995,-3.6796679496800007,28529.0,0.7595000267030001,364
57776,2718,11242,12659,2019,12,31,6,34,-16,9,9,9,0.0943354666233,279.765014648,0.44290518760700004,0.428894996643,-3.22322392464,28498.0,0.7595000267030001,365
